id,snapshot_time,job_type,total_messages,unique_messages,avg_latency,min_latency,max_latency,p50_latency,p95_latency,p99_latency,stddev_latency,duplicate_messages,duplicate_rate,max_process_count,total_reprocess_count,throughput_per_sec,time_window_sec,data_range_start,data_range_end,note
1,2025-12-22 20:30:37,flink-fault-after,1800000,1800000,192286.58,7862,380856,190371.00,362000.00,376257.00,108155.73,21590,1.1994,2,21590,1854.94,970,1766405385240,1766406365158,flink-qps2000-data1200000-4内部故障
2,2025-12-22 20:58:57,flink-fault-after,1800000,1800000,692.77,3,9201,446.00,3165.00,5863.00,1083.35,16885,0.9381,2,16885,3027.55,595,1766407641521,1766408241440,flink-qps2000-data1200000-4内部故障！
3,2025-12-22 21:18:04,flink-fault-after,1800000,1800000,461.87,3,4347,418.00,785.00,2851.00,429.03,0,0.0000,1,0,3020.30,596,1766408777203,1766409377123,flink-qps3000-data1800000-3内部故障！
4,2025-12-22 22:47:26,flink-fault-after,1800000,1800000,447.50,3,3889,416.00,781.00,2325.00,368.66,0,0.0000,1,0,3017.77,596,1766414126231,1766414726143,flink-qps3000-data1800000-2内部故障！
5,2025-12-22 23:05:03,flink-fault-after,1800000,1800000,1422.87,3,7429,704.00,4660.00,5677.00,1486.72,116792,6.4884,2,116792,3018.53,596,1766415157311,1766415757239,flink-qps3000-data1800000-8内部故障！
6,2025-12-22 23:52:32,storm,1800000,1800000,976.89,13,12578,447.00,6130.00,11137.00,2069.98,0,0.0000,1,0,3059.74,588,1766418028549,1766418628461,storm-qps3000-data1800000-8内部故障！
7,2025-12-23 00:23:55,storm,283500,283500,2810.86,14,24337,265.00,18862.00,23446.00,5949.44,0,0.0000,1,0,1723.84,164,1766420447666,1766420636095,Storm-故障前基线-20251223-002355
8,2025-12-23 00:25:00,storm,381000,381000,2740.29,14,24337,269.00,19357.00,23391.00,5912.71,8528,2.2383,2,8528,1660.38,229,1766420447666,1766420701103,Storm-故障注入1-network-worker-20251223-002500
9,2025-12-23 00:26:06,storm,479980,479980,2221.59,14,24337,256.00,17939.00,23052.00,5365.73,8528,1.7767,2,8528,1624.46,295,1766420447666,1766420767107,Storm-故障注入2-network-worker-20251223-002606
10,2025-12-23 00:58:01,storm,1800000,1800000,1718.92,14,24032,486.00,10578.00,14862.00,3503.25,8956,0.4976,2,8956,3076.54,585,1766421957018,1766422556918,storm-qps3000-data1800000-外部故障network-2-60
11,2025-12-23 19:27:47,flink,1450077,1450077,119736.72,3,381776,756.00,371036.00,378769.00,162957.44,137923,9.5114,4,251644,2178.23,666,1766488481902,1766489168596,Flink实验-20251223-192747
12,2025-12-23 19:41:26,flink,1800000,1800000,46988.52,3,170401,668.00,157927.00,167701.00,62278.90,128382,7.1323,3,177120,2649.13,679,1766489287796,1766489971220,flink-qps3000-data1800000-外部故障network-2-60
13,2025-12-23 20:04:29,flink,1800000,1800000,95807.21,3,304475,689.00,291528.00,301405.00,123363.03,237920,13.2178,3,341081,2184.66,824,1766490472207,1766491299525,flink-qps3000-data1800000-外部故障network-4-60
14,2025-12-23 20:49:51,flink,1799332,1799332,2279.05,3,24666,502.00,15133.00,21982.00,4811.22,10138,0.5634,2,10138,3015.54,597,1766493198125,1766493798045,flink-qps3000-data1800000-外部故障tm-2-60
15,2025-12-23 21:15:09,storm,1800000,1800000,6999.95,13,141994,526.00,54459.00,75312.00,16973.71,53659,2.9811,4,66774,3048.83,590,1766494762039,1766495361942,storm-qps3000-data1800000-外部故障worker-2-60
16,2025-12-23 22:04:04,storm,1800000,1800000,1633.14,13,18285,466.00,11756.00,16743.00,3603.78,0,0.0000,1,0,3088.89,583,1766497909097,1766498509003,storm-qps3000-data1800000-外部故障nimbus-2-60
17,2025-12-23 23:39:00,flink,1800000,1800000,497.26,3,7561,419.00,791.00,3713.00,646.13,0,0.0000,1,0,3036.97,593,1766499357066,1766499956986,flink-qps3000-data1800000-基线
18,2025-12-24 00:04:22,flink,833646,833646,256072.38,226460,284448,256092.00,281446.00,283674.00,16296.54,549115,65.8691,2,549115,3762.65,222,1766505308168,1766505813420,Flink实验-20251224-000422
19,2025-12-24 00:18:53,flink,1800000,1800000,177032.66,111153,242492,177099.00,231588.00,239822.00,35318.59,489148,27.1749,3,708135,3683.87,489,1766505874469,1766506595593,flink-qps3000-data1800000-外部故障jm-2-60
20,2025-12-24 00:34:56,flink,1800000,1800000,123769.18,61403,184576,123777.00,178359.00,183181.00,35024.10,519011,28.8339,2,519011,3752.35,480,1766506873094,1766507536620,flink-qps3000-data1800000-外部故障jm-1-60
21,2025-12-24 02:08:54,storm,1799914,1799914,249305.08,2529,394367,253152.00,384523.00,390795.00,99396.40,1726213,95.9053,3,1749219,1844.24,976,1766512215519,1766513261218,storm-qps3000-data1800000-80内部故障！
22,2025-12-24 14:53:22,flink,1800000,1800000,335592.90,289574,382270,332995.00,373277.00,378463.00,21953.82,29997,1.6665,2,29997,3231.37,557,1766558062000,1766559001108,flink-qps3000-data1800000-外部故障network-2-60
23,2025-12-24 15:04:33,flink,847497,847497,15874.98,8,42531,16135.00,36423.00,40845.00,12259.23,34557,4.0775,2,34557,2931.56,289,1766559564216,1766559862108,flink-qps3000-data1800000-外部故障worker-2-60
24,2025-12-24 15:13:23,flink,1067926,1067926,60194.52,13965,123225,60494.00,114920.00,120660.00,25209.77,40321,3.7756,2,40321,3139.38,340,1766559974278,1766560392501,flink-qps3000-data1800000-外部故障worker-2-60
25,2025-12-24 15:33:44,flink,1800000,1800000,154337.69,119015,196235,153228.00,183856.00,193368.00,17151.02,41048,2.2804,2,41048,3151.96,571,1766560732699,1766561485391,flink-qps3000-data1800000-外部故障worker-4-60
26,2025-12-24 15:43:32,flink,1015772,1015772,110362.96,75234,144829,110541.00,137491.00,143036.00,15059.28,36626,3.6057,2,36626,3245.56,313,1766561761920,1766562201360,flink-qps3000-data1800000-外部故障worker-1-60
27,2025-12-24 15:56:18,flink,212237,212237,21997.51,3045,45183,18306.00,43414.00,44509.00,13180.36,9280,4.3725,2,9280,3088.48,69,1766562876651,1766562966924,flink-qps3000-data1800000-外部故障worker-1-60
28,2025-12-25 10:06:29,flink,396225,396225,176611.39,161046,195154,175471.00,192051.00,194142.00,8179.07,3936,0.9934,2,3936,3296.63,120,1766628075159,1766628377599,flink-qps3000-data1800000-外部故障worker-1-60
29,2025-12-25 10:28:00,flink,1800000,1800000,330106.96,268062,391527,330137.00,384763.00,389577.00,35091.89,0,0.0000,1,0,3758.02,479,1766628564044,1766629433990,flink-qps3000-data1800000-外部故障worker-1-60
30,2025-12-25 11:01:10,flink,1800000,1800000,1321.51,3,20256,463.00,7786.00,17435.00,3140.29,6560,0.3644,2,6560,3029.65,594,1766630607786,1766631207706,flink-qps3000-data1800000-外部故障worker-1-60
31,2025-12-25 11:03:58,flink,1800000,1800000,1321.51,3,20256,463.00,7786.00,17435.00,3140.29,6560,0.3644,2,6560,3029.65,594,1766630607786,1766631207706,flink-qps3000-data1800000-外部故障worker-1-60
32,2025-12-25 11:15:23,flink,1800000,1800000,7391.11,3,30269,3350.00,23309.00,27731.00,8207.38,30249,1.6805,2,30249,3095.53,581,1766631863654,1766632463572,flink-qps3000-data1800000-外部故障worker-3-60
33,2025-12-25 11:17:48,flink,1800000,1800000,7391.11,3,30269,3350.00,23309.00,27731.00,8207.38,30249,1.6805,2,30249,3095.53,581,1766631863654,1766632463572,flink-qps3000-data1800000-外部故障worker-3-60
34,2025-12-25 11:33:45,flink,1800000,1800000,5861.12,3,38558,681.00,25933.00,35669.00,8955.62,20211,1.1228,2,20211,3047.12,591,1766632972534,1766633572452,flink-qps3000-data1800000-外部故障worker-4-60
35,2025-12-25 12:58:39,storm,1800000,1800000,1714.66,10,89553,471.00,10153.00,23802.00,4181.00,18248,1.0138,3,18307,3057.31,589,1766638087905,1766638687806,storm-qps3000-data1800000-外部故障worker-1-60
36,2025-12-25 14:44:20,storm,1800000,1800000,1714.66,10,89553,471.00,10153.00,23802.00,4181.00,18248,1.0138,3,18307,3057.31,589,1766638087905,1766638687806,storm-qps3000-data1800000-外部故障worker-1-60
37,2025-12-25 15:13:07,storm,1800000,1800000,12499.81,13,133088,2167.00,51575.00,67560.00,17674.38,63516,3.5287,4,64318,3086.48,583,1766646090977,1766646690871,storm-qps3000-data1800000-外部故障worker-3-60
38,2025-12-25 15:15:53,storm,1800000,1800000,12499.81,13,133088,2167.00,51575.00,67560.00,17674.38,63516,3.5287,4,64318,3086.48,583,1766646090977,1766646690871,Storm实验-20251225-151553
39,2025-12-25 15:26:47,storm,1800000,1800000,10587.15,13,154602,620.00,68894.00,88989.00,21399.75,88734,4.9297,5,105233,3051.28,590,1766646977786,1766647577688,storm-qps3000-data1800000-外部故障worker-4-60
40,2025-12-25 23:54:31,flink,1796149,1796149,1271994.51,318763,1784470,1282074.00,1765601.00,1780238.00,361133.22,1663422,92.6105,6,2462733,840.53,2137,1766653532063,1766656114612,Flink实验-20251225-235431
41,2025-12-26 00:09:06,flink,1800000,1800000,32935.07,3,119008,22369.00,105488.00,115177.00,35693.63,194013,10.7785,2,194013,3051.09,590,1766678097886,1766678784376,flink-qps3000-data1800000-外部故障network-1-60
42,2025-12-26 17:47:41,flink,1800000,1800000,380566.87,317331,441697,380579.00,435473.00,440312.00,35228.24,779883,43.3268,4,1498871,3753.60,480,1766741313556,1766742234045,flink-qps3000-data1800000-外部故障network-3-60
43,2025-12-26 18:16:20,flink,1799946,1799946,577173.75,34339,756795,577324.00,737912.00,752195.00,103437.09,317159,17.6205,6,989432,1423.43,1265,1766742638297,1766743994152,flink-qps3000-data1800000-外部故障network-2-60
44,2025-12-29 13:23:34,flink,1800000,1800000,363595.71,297772,429347,363655.00,418445.00,426709.00,35509.08,495000,27.5000,5,1380245,3690.35,488,1766984821338,1766985728452,flink-qps3000-data1800000-外部故障master-4-60
45,2025-12-29 13:39:31,storm,1800000,1800000,1366.89,13,16045,460.00,9718.00,14691.00,3016.90,0,0.0000,1,0,3078.97,585,1766986071246,1766986671165,storm-qps3000-data1800000-外部故障master-1-60
46,2025-12-29 14:29:20,storm,1800000,1800000,988.68,13,12727,447.00,6250.00,11237.00,2099.41,0,0.0000,1,0,3060.46,588,1766989046498,1766989646402,storm-qps3000-data1800000-外部故障master-3-60
47,2025-12-29 14:44:41,storm,1800000,1800000,1436.25,13,16726,458.00,10302.00,15289.00,3183.04,0,0.0000,1,0,3081.37,584,1766990015557,1766990615455,storm-qps3000-data1800000-外部故障master-4-60
48,2025-12-29 20:46:56,flink,1800000,1800000,88222.51,3,275280,695.00,262822.00,272474.00,112016.22,100220,5.5678,4,256057,2325.49,774,1767010764721,1767011547123,flink-qps3000-data1800000-外部故障network-3-60
49,2025-12-29 21:15:12,flink,1800000,1800000,96258.34,4,277914,29450.00,265334.00,275073.00,108247.79,173408,9.6338,4,329486,2314.76,778,1767013088305,1767013869226,flink-qps3000-data1800000-外部故障network-3-60-第二次
50,2025-12-29 21:39:22,flink,257241,257241,30303.72,6004,56339,30285.00,53132.00,55203.00,14615.96,0,0.0000,1,0,1924.42,134,1767015389386,1767015530322,saxsa
51,2025-12-29 21:56:02,flink,1800000,1800000,123891.92,3,362110,697.00,349661.00,359270.00,153846.06,104549,5.8083,5,346874,2084.53,864,1767015564005,1767016431781,flink-qps3000-data1800000-外部故障network-4-60
52,2025-12-29 22:11:39,storm,1800000,1800000,1353.20,12,72108,476.00,8573.00,11859.00,2653.91,8734,0.4852,3,8802,3061.89,588,1767016773059,1767017372972,storm-qps3000-data1800000-外部故障network-1-60
53,2025-12-29 23:02:49,storm,1800000,1800000,2082.00,14,78273,518.00,11340.00,15852.00,3797.78,8137,0.4521,4,8881,3056.01,589,1767019881479,1767020481381,storm-qps3000-data1800000-外部故障network-3-60
54,2025-12-29 23:30:27,storm,1800000,1800000,2345.06,11,76675,534.00,12649.00,15719.00,4104.91,10618,0.5899,4,11561,3079.83,584,1767020617976,1767021217890,storm-qps3000-data1800000-外部故障network-4-60
55,2025-12-29 23:48:40,storm,1800000,1800000,1451.26,13,75922,477.00,9315.00,12851.00,2929.04,2979,0.1655,3,2999,3059.65,588,1767022512279,1767023112187,storm-qps3000-data1800000-外部故障network-2-60-dierci
56,2025-12-30 00:15:08,storm,1800000,1800000,1434.96,13,73897,478.00,9110.00,12377.00,2836.19,9127,0.5071,3,9246,3061.96,588,1767024103007,1767024702923,storm-qps3000-data1800000-外部故障network-1-60-第二次
57,2025-12-30 00:26:49,storm,1800000,1800000,1456.52,13,75873,477.00,9367.00,12746.00,2917.54,2775,0.1542,3,2790,3060.44,588,1767024963568,1767025563482,storm-qps3000-data1800000-外部故障network-2-60-第三次
58,2025-12-30 00:53:01,flink,1800000,1800000,18510.41,3,94374,679.00,82069.00,91752.00,28349.87,76571,4.2539,2,76571,3019.39,596,1767026503177,1767027103088,flink-qps3000-data1800000-外部故障network-1-60-第三次
59,2026-01-02 16:34:31,flink,1800000,1800000,18510.41,3,94374,679.00,82069.00,91752.00,28349.87,76571,4.2539,2,76571,3019.39,596,1767026503177,1767027103088,Flink实验-20260102-163431
60,2026-01-02 16:47:52,flink,1800000,1800000,511.98,3,8306,421.00,794.00,4255.00,723.91,0,0.0000,1,0,3040.58,592,1767342897821,1767343497722,flink-qps3000-data1800000-基线
61,2026-01-02 17:08:49,storm,1800000,1800000,725.11,14,9475,434.00,3105.00,8111.00,1362.09,0,0.0000,1,0,3044.43,591,1767344261453,1767344861372,storm-qps3000-data1800000-基线
62,2026-01-02 17:46:39,flink,1800000,1800000,119776.79,3,359418,685.00,346921.00,356686.00,152125.70,107020,5.9456,5,335707,2089.37,862,1767346145634,1767347013859,flink-qps3000-data1800000-外部故障network-4-60-第二次
63,2026-01-02 18:14:27,flink,1800000,1800000,122973.38,3,363532,691.00,350979.00,360714.00,154315.28,103873,5.7707,5,332776,2079.29,866,1767347867800,1767348737853,flink-qps3000-data1800000-外部故障network-4-60-第三次
64,2026-01-02 21:56:40,storm,300000,300000,21010.55,7676,32183,21037.00,30333.00,31357.00,5912.05,500,0.1667,2,500,3487.12,86,1767361776548,1767361889564,storm-qps3000-data300000-内部故障-200！
65,2026-01-02 22:08:31,storm,300000,300000,12380.16,485,22581,12398.00,21363.00,22149.00,5682.66,1000,0.3333,2,1000,3514.12,85,1767362704556,1767362808077,storm-qps3000-data300000-内部故障-150！
66,2026-01-02 22:15:07,storm,300000,300000,15260.66,2626,26192,15262.00,24376.00,25332.00,5760.37,1500,0.5000,2,1500,3521.42,85,1767363041741,1767363147833,storm-qps3000-data300000-内部故障-100！
68,2026-01-02 22:47:14,flink-fault-after,300000,300000,109777.13,6750,308908,100332.00,280508.00,306590.00,76479.88,229490,76.4967,13,709268,748.86,401,1767364784228,1767365191945,flink-qps3000-data300000-内部故障-200！
70,2026-01-02 23:17:04,flink-fault-after,300000,300000,180131.36,5975,430464,187565.00,409799.00,424702.00,118534.50,240307,80.1023,18,979786,573.93,523,1767366473737,1767367002839,flink-qps3000-data300000-内部故障-100！
71,2026-01-02 23:31:19,flink-fault-after,300000,300000,149275.41,3827,321391,133396.00,316481.00,320549.00,92358.29,242700,80.9000,14,813697,721.81,416,1767367430605,1767367850580,flink-qps3000-data300000-内部故障-150！
72,2026-01-03 00:02:51,flink-fault-after,300000,300000,333520.56,3911,650789,350502.00,603993.00,641089.00,175067.03,259897,86.6323,30,1418361,402.95,745,1767369003488,1767369752906,flink-qps3000-data300000-内部故障-200！
